bin_offset_in_test,hours,actual,lstm_v1,lstm_v2,tcn,qlstm_q10,qlstm_q50,qlstm_q90
0,0.0,0.5037111179419372,0.46894485,0.43476373,0.46632105,0.38813895,0.4333228,0.47433904
1,0.25,0.4347149890715047,0.48326302,0.44459817,0.4362342,0.39099976,0.43626636,0.4805926
2,0.5,0.4484723776532605,0.48952794,0.4464446,0.4323185,0.388826,0.43252125,0.4779509
3,0.75,0.5094229424556288,0.49596083,0.44740292,0.50102556,0.3933984,0.43736428,0.48251438
4,1.0,0.4453327442345569,0.50244,0.4504591,0.49323952,0.39849007,0.4446523,0.49376193
5,1.25,0.4627447360479427,0.5090094,0.45333052,0.44670084,0.4017712,0.4497159,0.5018319
6,1.5,0.5141925203179264,0.5186394,0.46478,0.47395784,0.41159296,0.46602607,0.5224768
7,1.75,0.4758418029484802,0.52871454,0.47570506,0.4956711,0.42241323,0.48069057,0.5398257
8,2.0,0.513718527519858,0.5324368,0.482177,0.5121144,0.42940605,0.4913708,0.5545602
9,2.25,0.5288433387500797,0.53618,0.48387334,0.54949605,0.43548673,0.49903783,0.56538296
10,2.5,0.4555821629306008,0.53958005,0.4886622,0.5205134,0.43779314,0.502881,0.57156557
11,2.75,0.472332506642675,0.55206496,0.50444466,0.5468576,0.44663364,0.5160927,0.586812
12,3.0,0.6404399656863701,0.5579949,0.51733404,0.5478938,0.45623678,0.52868587,0.59960306
13,3.25,0.4778116366834332,0.5547082,0.5199855,0.508994,0.46330863,0.5332918,0.6019833
14,3.5,0.5312396489171795,0.56715494,0.540381,0.5400232,0.47867292,0.55106825,0.62050945
15,3.75,0.4744327874405315,0.5687879,0.5474388,0.5764544,0.48757946,0.5572818,0.6246992
16,4.0,0.6602216413018749,0.5660313,0.554511,0.54459226,0.49219197,0.55982566,0.624168
17,4.25,0.6005618261348202,0.5660052,0.5626428,0.5209242,0.49613374,0.5603215,0.6269425
18,4.5,0.498823052392213,0.5629961,0.5669062,0.6030845,0.49938172,0.56043833,0.6255361
19,4.75,0.4579021810292206,0.56948686,0.57900685,0.6083813,0.5050101,0.5641207,0.63237584
20,5.0,0.6093348982669051,0.5692882,0.5913685,0.5233116,0.5048923,0.56122714,0.6283113
21,5.25,0.58814310832127,0.5676221,0.59223646,0.5619656,0.5037951,0.5575136,0.6222847
22,5.5,0.5912642691284671,0.57872146,0.6172419,0.52462876,0.51237786,0.5703132,0.6442538
23,5.75,0.5695605916165735,0.5928177,0.63656896,0.60454303,0.5249481,0.5891967,0.67326957
24,6.0,0.5174739115017278,0.5963181,0.6356508,0.52914906,0.53432417,0.60053706,0.68672514
25,6.25,0.5280090912933875,0.6088587,0.6494537,0.59576297,0.5476948,0.61826646,0.70786476
26,6.5,0.6300345391448761,0.61490077,0.6554231,0.591125,0.56154114,0.63821983,0.7279297
27,6.75,0.5380043405689539,0.61091596,0.63383895,0.50377303,0.5609653,0.633598,0.72253275
28,7.0,0.5644819329619828,0.6123851,0.61651856,0.6100462,0.55702776,0.6267572,0.71708107
29,7.25,0.5525679107809502,0.5945268,0.5992547,0.53539324,0.56178683,0.62948143,0.71750677
30,7.5,0.6233115670470336,0.59985924,0.58505946,0.555307,0.5591262,0.6208368,0.7064619
31,7.75,0.5337226359653342,0.5879192,0.5622811,0.4869312,0.5411228,0.59501606,0.6896819
32,8.0,0.6893845266121417,0.58168954,0.53387916,0.5346557,0.51992863,0.5665609,0.6523048
33,8.25,0.5561108027060148,0.56623405,0.53770643,0.52795184,0.5222145,0.56997484,0.6563363
34,8.5,0.5363008487620032,0.5581898,0.5351293,0.53627795,0.52530646,0.5706778,0.65550864
35,8.75,0.5769569317213635,0.5581514,0.53178453,0.5114306,0.5056261,0.5479503,0.6215838
36,9.0,0.5569991585470915,0.54422563,0.51967263,0.45308346,0.4813856,0.52018493,0.5813027
37,9.25,0.5938687788808048,0.5189692,0.51462543,0.48560625,0.47077024,0.5059883,0.57141054
38,9.5,0.6427307552327808,0.5123137,0.5056152,0.4963581,0.47443265,0.51032853,0.5670144
39,9.75,0.5051131873925059,0.49569792,0.49735537,0.46019682,0.4658407,0.4990583,0.5496416
40,10.0,0.4745176891337326,0.48500448,0.4915599,0.5093124,0.45770252,0.49045876,0.5361104
41,10.25,0.4816536173606269,0.47652197,0.4722856,0.47561932,0.4526059,0.48594204,0.52664214
42,10.5,0.4905728275611611,0.46610916,0.4600008,0.46079278,0.4401815,0.47423324,0.51291716
43,10.75,0.4482689608832943,0.46736974,0.4636068,0.44492906,0.4389254,0.47510925,0.5161381
44,11.0,0.5223339483549932,0.4740221,0.45889845,0.46524897,0.43457508,0.4725048,0.5132299
45,11.25,0.5782739964189946,0.4857269,0.45274952,0.4356848,0.42596674,0.46427864,0.50465655
46,11.5,0.582820846862848,0.48177147,0.44471133,0.44780424,0.41571015,0.45531183,0.49712616
47,11.75,0.631727395083725,0.47590673,0.4347134,0.43698114,0.41151977,0.4513911,0.4952341
48,12.0,0.6417334920643253,0.46799272,0.427013,0.45135614,0.40908748,0.4489618,0.49235737
49,12.25,0.6268166438369157,0.45625484,0.43027306,0.5168624,0.4056489,0.443875,0.48982272
50,12.5,0.7314024198866208,0.46140617,0.4313682,0.4367301,0.40690672,0.4465344,0.49280766
51,12.75,0.6949019728616085,0.4524278,0.43050116,0.4662842,0.39932156,0.44178182,0.49106562
52,13.0,0.5903962396966891,0.44205987,0.42188165,0.40982682,0.38575697,0.42718703,0.47576123
53,13.25,0.499731413010922,0.44255197,0.41334042,0.40133834,0.3853512,0.42948923,0.4797407
54,13.5,0.4694491936844224,0.4403959,0.40374997,0.38268808,0.3733952,0.41375253,0.46361572
55,13.75,0.4558623603336328,0.43680674,0.40196383,0.4197861,0.37217796,0.41051373,0.4566644
56,14.0,0.418968979505768,0.43955445,0.40679166,0.38091382,0.3730796,0.4102646,0.45625195
57,14.25,0.4133352047790542,0.44281268,0.41507933,0.40992522,0.37199545,0.41024414,0.45817387
58,14.5,0.3798227812964411,0.43636215,0.4130847,0.38848886,0.36760372,0.40868884,0.46316138
59,14.75,0.3490923540487789,0.4168989,0.39028865,0.3757618,0.35580254,0.39674655,0.45042688
60,15.0,0.3751124687331011,0.40017194,0.38316622,0.41081017,0.35064197,0.39331895,0.445239
61,15.25,0.3983511817447109,0.4010362,0.37970284,0.40024942,0.3520587,0.39067248,0.44688457
62,15.5,0.3758902348891508,0.4098943,0.36653847,0.35168785,0.3537173,0.39109582,0.44445857
63,15.75,0.3320491827584025,0.41906202,0.3688963,0.40655208,0.36333317,0.3999803,0.4555512
64,16.0,0.3527635167928837,0.41868305,0.37180737,0.4068187,0.36524487,0.39926347,0.44917792
65,16.25,0.5125841343197873,0.41930962,0.3680309,0.3991904,0.3610011,0.3913166,0.4399718
66,16.5,0.3409837584740732,0.4164977,0.3649856,0.40409246,0.35704765,0.3865603,0.4367208
67,16.75,0.4797114819658671,0.41613352,0.36390993,0.34549206,0.34824264,0.37675533,0.42903435
68,17.0,0.419433343442731,0.42044997,0.37479994,0.34509924,0.35272664,0.3854925,0.42985052
69,17.25,0.3393394064352803,0.42443675,0.3844194,0.41993734,0.3646977,0.39434943,0.43671918
70,17.5,0.424368902224285,0.41035283,0.3858765,0.3328812,0.3507691,0.37293136,0.42549223
71,17.75,0.3403216473175725,0.38613677,0.39050072,0.43407387,0.34737962,0.3746854,0.43396538
72,18.0,0.3643751469059981,0.35582477,0.36902502,0.40536618,0.3409722,0.3750109,0.43985814
73,18.25,0.3752501664396649,0.33265072,0.34470946,0.34837997,0.33194578,0.37364495,0.43935823
74,18.5,0.3456531323565318,0.3121584,0.31796956,0.34464073,0.31485933,0.35932574,0.4227822
75,18.75,0.3232174934033944,0.29519606,0.31065315,0.32933748,0.31385845,0.3572864,0.41542035
76,19.0,0.3265900966428241,0.28097332,0.29750064,0.28098738,0.3079471,0.3524538,0.41341776
77,19.25,0.3356073248685242,0.27604645,0.29545626,0.31864026,0.30665505,0.34811035,0.4095859
78,19.5,0.4249239465375797,0.27451864,0.29752746,0.3369813,0.3050482,0.3418496,0.40018526
79,19.75,0.3398410921972297,0.27863508,0.3023142,0.30717257,0.3028827,0.33511186,0.39094633
80,20.0,0.3655539194710239,0.28530723,0.30372047,0.350937,0.29812825,0.3307604,0.38632977
81,20.25,0.4052901283546613,0.29999036,0.3136034,0.30402687,0.28791896,0.31384492,0.36943686
82,20.5,0.4363019871600858,0.31820506,0.31253412,0.31724125,0.2871466,0.31905285,0.37130338
83,20.75,0.3180738832733595,0.3301999,0.32823485,0.33909947,0.2900769,0.32533962,0.3849084
84,21.0,0.3945646137111255,0.34981287,0.3554527,0.3429246,0.30650404,0.34439668,0.39719966
85,21.25,0.3517518157672291,0.35244137,0.36479983,0.35421205,0.30747405,0.3407459,0.3922462
86,21.5,0.3156295814624483,0.3504197,0.36672345,0.3056845,0.3077541,0.33977714,0.39587593
87,21.75,0.367783976544082,0.34421825,0.36219418,0.41668108,0.3162325,0.34908056,0.40047133
88,22.0,0.3691092305902128,0.3398863,0.34964865,0.3291732,0.31626076,0.34896955,0.40481547
89,22.25,0.3699412109550831,0.34015846,0.34543774,0.4103198,0.32098407,0.3548434,0.4108116
90,22.5,0.4272909090974588,0.347551,0.34356922,0.3188413,0.3263256,0.36144727,0.41483116
91,22.75,0.3675166798198769,0.3620224,0.3519353,0.40104538,0.33603972,0.3736003,0.4234426
92,23.0,0.5684830139554697,0.3844477,0.3707338,0.40378892,0.34790692,0.38701054,0.43693954
93,23.25,0.6910499495491498,0.40505534,0.38619763,0.40722698,0.3560202,0.39613506,0.44597235
94,23.5,0.6418674313583541,0.41886735,0.3898596,0.40140903,0.36024705,0.40018445,0.44572285
95,23.75,0.5778905709976275,0.4238121,0.38012344,0.43616238,0.3639209,0.40164813,0.4405602
96,24.0,0.6418247450017137,0.44091916,0.39087883,0.42602018,0.37205046,0.41308928,0.45264158
97,24.25,0.5698225310370801,0.45141137,0.3979101,0.47341534,0.37624168,0.41696578,0.45509183
98,24.5,0.5656101051549375,0.45639312,0.39664388,0.4523255,0.37099263,0.40879318,0.44493675
99,24.75,0.4858025558961282,0.46069545,0.39220247,0.4140272,0.36912552,0.4091754,0.44424185
100,25.0,0.4226426153575322,0.4712605,0.3994497,0.49310195,0.37678674,0.42190796,0.45527276
101,25.25,0.5270182785038919,0.46781963,0.3960246,0.40259695,0.37610906,0.42048168,0.45484564
102,25.5,0.4787733182917651,0.4747532,0.4024086,0.46765116,0.38149124,0.42708296,0.46219566
103,25.75,0.5474786164409793,0.48182553,0.4098874,0.3993114,0.38721,0.43313456,0.47268182
104,26.0,0.4614391338744713,0.48402876,0.4206753,0.42644447,0.3939898,0.4382446,0.47708482
105,26.25,0.4667531332780573,0.4926483,0.43517715,0.4767325,0.40137142,0.4442788,0.48481578
106,26.5,0.4757511696274965,0.500228,0.44937554,0.48289627,0.40694737,0.44946992,0.4931469
107,26.75,0.5281470320174244,0.5037194,0.45491937,0.52832365,0.40866584,0.44827372,0.49185538
108,27.0,0.5770901329888085,0.50826484,0.46478036,0.54434174,0.42175788,0.4637552,0.510144
109,27.25,0.4938002661857767,0.5155005,0.47778645,0.48930556,0.4373001,0.47819334,0.5264908
110,27.5,0.5441847237307452,0.5162498,0.49083796,0.3890072,0.44820547,0.48562092,0.53948337
111,27.75,0.4930259487847238,0.526479,0.5139302,0.44413286,0.4598601,0.49680975,0.5520568
112,28.0,0.5644006909015937,0.5287516,0.52606636,0.5226149,0.46962154,0.5071741,0.5625735
113,28.25,0.6806061073404868,0.5313225,0.5336406,0.5986704,0.4719413,0.51128995,0.56789327
114,28.5,0.5045937091597004,0.5402116,0.55387217,0.57010305,0.48521793,0.5306407,0.58772576
115,28.75,0.5840033837030707,0.5434602,0.55727214,0.61282456,0.49343145,0.5425276,0.59962654
116,29.0,0.564004514547372,0.54974955,0.56935406,0.5170202,0.50002974,0.553968,0.6116446
117,29.25,0.5895593396533015,0.5561551,0.5847927,0.55645233,0.51406485,0.5736232,0.63634735
118,29.5,0.5286386776342015,0.5682375,0.60012305,0.53880024,0.52648747,0.5938568,0.66563153
119,29.75,0.5758103361292392,0.5795572,0.61846465,0.5976294,0.5512883,0.62460756,0.7046204
120,30.0,0.6266596862854378,0.5854607,0.6281509,0.60976154,0.55349773,0.6262904,0.7093339
121,30.25,0.5247938012059883,0.5865669,0.63686436,0.63209987,0.55270696,0.6203583,0.70324373
122,30.5,0.5434560066712442,0.574357,0.62274724,0.563294,0.5307542,0.5913186,0.6735208
123,30.75,0.5715175761736084,0.569282,0.6042083,0.5825664,0.52482724,0.5829872,0.6695014
124,31.0,0.5197455998500689,0.56765366,0.56661266,0.61154306,0.5147412,0.56897426,0.65075505
125,31.25,0.5549839263568659,0.563094,0.5306311,0.5614135,0.51057833,0.5596212,0.6346135
126,31.5,0.5521479277659006,0.5751891,0.530863,0.64540625,0.51667845,0.566382,0.6402869
127,31.75,0.6118762577362926,0.5703602,0.52525216,0.5757001,0.5115515,0.56101805,0.6396758
128,32.0,0.5344779352270754,0.57393086,0.5275007,0.6014955,0.51364785,0.56462574,0.64425176
129,32.25,0.6166376868784906,0.5611573,0.5280426,0.6325824,0.5074986,0.55545914,0.6357204
130,32.5,0.5269601629071504,0.5637565,0.54255176,0.5874052,0.53132224,0.58408165,0.6582209
131,32.75,0.5878113898119461,0.5631719,0.55222327,0.5624528,0.5371625,0.58404225,0.6513709
132,33.0,0.5213176192009553,0.55683595,0.5397759,0.5413805,0.5234139,0.5623037,0.62813926
133,33.25,0.5401061439823686,0.54636616,0.5322727,0.49285245,0.50886697,0.5409909,0.60264826
134,33.5,0.6413696900673879,0.53724617,0.51721936,0.55961215,0.49451685,0.5225148,0.5790144
135,33.75,0.6338522634158713,0.52627426,0.5019463,0.5178464,0.47897726,0.5039677,0.5514457
136,34.0,0.635773672297427,0.5121466,0.4965339,0.5196205,0.4665029,0.4917366,0.53573763
137,34.25,0.6082049190130079,0.5203151,0.50060326,0.46391433,0.4642734,0.49267668,0.5354756
138,34.5,0.7409046475369662,0.5246752,0.49993,0.4753648,0.4619788,0.49215782,0.5342796
139,34.75,0.7145071291428464,0.49997926,0.490818,0.476347,0.4435587,0.47255823,0.5107646
140,35.0,0.5889733812501168,0.5023761,0.4917077,0.46763194,0.43822956,0.46958825,0.50650775
141,35.25,0.4765932782896437,0.50870645,0.50466937,0.46493983,0.43668902,0.4738645,0.5182664
142,35.5,0.449892059068943,0.5279017,0.52536607,0.5067698,0.43155706,0.47460163,0.5304525
143,35.75,0.493948215474712,0.54085565,0.5360245,0.47156292,0.42263544,0.46623418,0.5297243
144,36.0,0.467203842936476,0.53847194,0.5205196,0.5301195,0.4229408,0.45959917,0.5217868
145,36.25,0.4573421665591023,0.5318813,0.5020606,0.4649765,0.4104275,0.4399687,0.5039108
146,36.5,0.4382745315006507,0.50574505,0.47048548,0.4505877,0.39637065,0.42180392,0.48140624
147,36.75,0.4418070494930725,0.48984456,0.4501565,0.44493523,0.39163494,0.4150084,0.47487104
148,37.0,0.4704491791562287,0.46583575,0.4244455,0.4753056,0.38026094,0.40507698,0.46414936
149,37.25,0.3768154457834294,0.44486064,0.40720025,0.459217,0.37168455,0.39808115,0.4573304
150,37.5,0.39038327144738,0.40975344,0.39037845,0.43280554,0.359761,0.38616577,0.4441837
151,37.75,0.4170173762979058,0.4022088,0.384715,0.40818858,0.35604984,0.38173762,0.43933433
152,38.0,0.4042062002228633,0.41695124,0.37936965,0.4428165,0.36064363,0.3796061,0.44320667
153,38.25,0.3947775818453439,0.42356002,0.37912008,0.46083668,0.3586386,0.3794641,0.44044065
154,38.5,0.3639453565279874,0.40688485,0.3683522,0.4100556,0.3482944,0.37042883,0.4287871
155,38.75,0.3851234961791757,0.40407783,0.36530447,0.4021178,0.34276444,0.3628441,0.42138386
156,39.0,0.3664764458556016,0.4225844,0.36889645,0.35051084,0.3536972,0.37546638,0.43017542
157,39.25,0.4216327174372643,0.43793827,0.39174137,0.51491225,0.3598817,0.3842569,0.43993533
158,39.5,0.3699346290109734,0.4207669,0.39989978,0.38327008,0.34115368,0.35880923,0.42820925
159,39.75,0.3236868162496202,0.39479262,0.4180004,0.476973,0.33802474,0.35896492,0.42925808
160,40.0,0.3783320316999846,0.37176287,0.41435167,0.4660254,0.33714598,0.36283705,0.42826492
161,40.25,0.3944583011177983,0.3560217,0.40166298,0.4204694,0.33949038,0.3682632,0.4304208
162,40.5,0.3609638555491951,0.35899407,0.39637622,0.3447634,0.3419099,0.37437308,0.44303042
163,40.75,0.3518181111925536,0.3837092,0.40248933,0.4202988,0.3529848,0.3924709,0.46798155
164,41.0,0.3652673669778603,0.40447575,0.41121748,0.3659755,0.35761964,0.40166956,0.48380545
165,41.25,0.3385555432137809,0.42188764,0.42004076,0.40304962,0.36472183,0.41336766,0.49567825
166,41.5,0.309440132251036,0.43678898,0.42021766,0.3132301,0.35213566,0.39428267,0.47546145
167,41.75,0.3646656105867075,0.4597683,0.42895985,0.39824942,0.3450777,0.38280436,0.45513532
168,42.0,0.3214277665943936,0.4719261,0.42150313,0.3572501,0.33693206,0.36942664,0.4355625
169,42.25,0.3440149233817153,0.45852637,0.3850586,0.32940125,0.3159718,0.3446273,0.41077134
170,42.5,0.3186004822636548,0.44724804,0.36568466,0.31584746,0.30250877,0.3278972,0.38726348
171,42.75,0.373840913062591,0.4175809,0.33913973,0.33463764,0.29002953,0.31217545,0.36964035
172,43.0,0.2911585079801718,0.38684732,0.31602272,0.3359115,0.27867922,0.29616228,0.34640592
173,43.25,0.2553020150042309,0.34946358,0.2934631,0.32390666,0.26941347,0.28841466,0.33870792
174,43.5,0.3126881124560256,0.31277633,0.2675926,0.32214397,0.2584207,0.27730453,0.3278658
175,43.75,0.3501962654214984,0.29586637,0.27057496,0.3268985,0.2570125,0.27444607,0.32384
176,44.0,0.3324612074585972,0.29392684,0.28440675,0.34024552,0.25909394,0.27491057,0.33240968
177,44.25,0.3000768253872513,0.29343396,0.2939439,0.33156177,0.25865853,0.27528426,0.3390105
178,44.5,0.3025454511416065,0.29048014,0.29453167,0.35298675,0.2605195,0.2795295,0.3452193
179,44.75,0.2825593854912842,0.2944699,0.29634422,0.31852257,0.26896286,0.29539588,0.36496753
180,45.0,0.2694954087207565,0.3043393,0.3039135,0.38270676,0.27775544,0.30399418,0.37296855
181,45.25,0.2849106344922872,0.31627464,0.31034487,0.3882271,0.2834568,0.31062296,0.37724316
182,45.5,0.293114725476152,0.32946026,0.31606153,0.30460232,0.2903127,0.31927425,0.38531417
183,45.75,0.2876368333719751,0.34058493,0.32242325,0.3666982,0.2963492,0.32592556,0.3935119
184,46.0,0.2860934354464229,0.34449607,0.3237206,0.39822578,0.300446,0.32686862,0.39333445
185,46.25,0.2916023863577845,0.35015017,0.31915468,0.3472145,0.30563498,0.33241847,0.40158463
186,46.5,0.2974349015803963,0.34955466,0.31073326,0.3465783,0.31089967,0.337119,0.40010792
187,46.75,0.322975948004596,0.34932375,0.3064392,0.45163625,0.31951833,0.34851584,0.40268025
188,47.0,0.3943859899782168,0.3521694,0.30804884,0.37247372,0.33137292,0.3648166,0.40951174
189,47.25,0.3374883681717774,0.36867118,0.3247986,0.39974865,0.3364079,0.37190235,0.4135341
190,47.5,0.3568695829699387,0.38789225,0.344925,0.3503362,0.34633353,0.3852815,0.4278907
191,47.75,0.3518958054113213,0.3970707,0.3621234,0.35127386,0.35503063,0.394071,0.43722534
192,48.0,0.3767624136035397,0.40622967,0.37867388,0.36900324,0.36234084,0.39986715,0.44262594
193,48.25,0.3654278111455078,0.4173131,0.3918494,0.3662053,0.36640096,0.40226182,0.44449422
194,48.5,0.3437350755720976,0.4274158,0.4027076,0.4308173,0.36836767,0.40321285,0.4461161
195,48.75,0.3783477512628138,0.43570387,0.4141843,0.39175162,0.3695717,0.4043365,0.44839454
196,49.0,0.3536865661913432,0.44182557,0.42449644,0.43459287,0.37100947,0.40654498,0.45299825
197,49.25,0.3458860774076732,0.45067382,0.4322866,0.4219512,0.3751851,0.41254917,0.4629766
198,49.5,0.3699353832924699,0.45480478,0.4370725,0.45821202,0.37586525,0.4145546,0.46911567
199,49.75,0.4406653746863733,0.4596327,0.43865404,0.44926023,0.37414923,0.41394508,0.47216576
200,50.0,0.4230698713383133,0.46695793,0.4400997,0.40720955,0.37408948,0.4155051,0.4778734
201,50.25,0.3734633360105989,0.47326058,0.4404364,0.44461685,0.37446684,0.41811422,0.48581636
202,50.5,0.3787625893129195,0.48081076,0.44229338,0.42627606,0.37543246,0.42177147,0.49481454
203,50.75,0.4599078148192961,0.48416966,0.43950838,0.44230866,0.37469524,0.4234732,0.50167644
204,51.0,0.4237950062276396,0.4898829,0.44302794,0.42424688,0.37667418,0.42835858,0.50710905
205,51.25,0.4350357673675616,0.4799893,0.42721936,0.43048948,0.37038344,0.41820103,0.4893747
206,51.5,0.4721681379925468,0.477019,0.42081934,0.43583328,0.37222257,0.41887602,0.49124286
207,51.75,0.4651144831583396,0.47935534,0.4330741,0.39743176,0.38533422,0.43252763,0.5084369
208,52.0,0.468814286430499,0.4781289,0.43368456,0.45944422,0.386508,0.430872,0.5070262
209,52.25,0.5328465534042313,0.4905988,0.44949204,0.4728356,0.40071243,0.44710732,0.5286734
210,52.5,0.412857775859325,0.49474102,0.44947928,0.419675,0.3969959,0.44121268,0.5250712
211,52.75,0.4453031846200168,0.5013354,0.43815467,0.42790508,0.3925798,0.43733677,0.5227299
212,53.0,0.434568728843095,0.51785046,0.44804385,0.49262822,0.39934295,0.44780582,0.5357191
213,53.25,0.488342977546826,0.51965714,0.44309428,0.42287618,0.3918919,0.43895778,0.52683294
214,53.5,0.4464390960842886,0.50601286,0.43378958,0.40003055,0.38026822,0.42460206,0.5060215
215,53.75,0.4618567089950123,0.50856614,0.44542098,0.47765064,0.38150376,0.4254733,0.5032989
216,54.0,0.448225186777176,0.47793078,0.43570128,0.42640865,0.36606896,0.40712398,0.47643298
217,54.25,0.4132683413534385,0.46603048,0.44181135,0.47577983,0.36345726,0.3996829,0.46858498
218,54.5,0.4659477574000603,0.44583672,0.43835488,0.43378645,0.35023874,0.3825476,0.4523292
219,54.75,0.4680803068956656,0.44160444,0.43397382,0.48910034,0.3416971,0.37407136,0.44087327
220,55.0,0.4058916958682217,0.4405294,0.4398631,0.44852507,0.34297606,0.37516633,0.43809032
221,55.25,0.4425780050199202,0.43768424,0.43005928,0.4532726,0.3451789,0.37707892,0.43525583
222,55.5,0.4067878381349725,0.43276525,0.42747587,0.49571157,0.3461303,0.37635532,0.42968023
223,55.75,0.46507520538613,0.42374182,0.42433718,0.38179532,0.34592602,0.37367082,0.42309028
224,56.0,0.4476199683180573,0.42420942,0.4185732,0.44946074,0.34807533,0.37561363,0.4233916
225,56.25,0.4625010011460844,0.42007917,0.41039443,0.42361355,0.34781086,0.3740836,0.41905382
226,56.5,0.5057144550905287,0.4127769,0.41479683,0.43212876,0.3489114,0.37550914,0.4210786
227,56.75,0.4036934418651881,0.40626258,0.38176492,0.4499737,0.34661993,0.37242278,0.41693684
228,57.0,0.3969194939089071,0.40258682,0.36858508,0.41076207,0.3457765,0.37078044,0.41192257
229,57.25,0.4116587538733546,0.39912403,0.35730466,0.430866,0.34617826,0.37019798,0.40779126
230,57.5,0.4735421097592091,0.40235978,0.3671073,0.44772154,0.35329992,0.3785661,0.41588503
231,57.75,0.4134219525512241,0.40180367,0.35381925,0.43856892,0.35671324,0.3805797,0.41504806
232,58.0,0.3948348303171454,0.4006164,0.3528697,0.39822558,0.36114997,0.38334394,0.41369292
233,58.25,0.4344674098493326,0.40090585,0.3578657,0.4247141,0.3641166,0.38576028,0.41411042
234,58.5,0.3593865006761713,0.4081471,0.36148116,0.3906661,0.3681969,0.38964143,0.4161296
235,58.75,0.3837847041705354,0.41157424,0.37163076,0.41367355,0.3679753,0.3909667,0.4187783
236,59.0,0.4286664037512786,0.42768288,0.38925484,0.39016613,0.3725384,0.40324032,0.44166464
237,59.25,0.4097773867738333,0.43861353,0.40409878,0.4280728,0.3729575,0.41669202,0.4708438
238,59.5,0.404483699880284,0.45021397,0.4050142,0.393888,0.37450945,0.42896768,0.49865326
239,59.75,0.3401549756147466,0.4577229,0.40393963,0.3617257,0.3778205,0.43546614,0.5108894
240,60.0,0.3220406208790817,0.47347337,0.41944677,0.37997556,0.3922456,0.4518715,0.52943724
241,60.25,0.6650687853132279,0.47410566,0.4207944,0.41594616,0.39326793,0.44869998,0.52683544
242,60.5,0.433568831685748,0.45744973,0.4090531,0.3663492,0.39170903,0.4468968,0.52170503
243,60.75,0.4139275345300169,0.43293,0.38883647,0.4201218,0.37292117,0.42634407,0.4992078
244,61.0,0.3311680952373113,0.4074775,0.348728,0.31666428,0.3407423,0.38738725,0.46241635
245,61.25,0.2929131562554964,0.38436216,0.31786403,0.3501266,0.31325042,0.35208127,0.42556423
246,61.5,0.3934885934349209,0.3594833,0.29720142,0.32035023,0.3027359,0.33557743,0.40146855
247,61.75,0.3794143167360178,0.34475547,0.29901177,0.3050818,0.29705843,0.3281236,0.39362514
248,62.0,0.3669676777101379,0.35835725,0.30754855,0.30396396,0.3005168,0.33086243,0.39835042
249,62.25,0.3403384720289815,0.38029516,0.3241322,0.33639967,0.3031423,0.3325542,0.40215325
250,62.5,0.3841112302294196,0.3929062,0.3382704,0.35613352,0.30203748,0.33228576,0.4029966
251,62.75,0.4539155953370946,0.4044178,0.34100252,0.34170148,0.30025262,0.33018398,0.40154856
252,63.0,0.3358161938097625,0.42472613,0.358681,0.4367265,0.3013171,0.3320922,0.40946767
253,63.25,0.3709452684089788,0.43855232,0.37775126,0.374953,0.3040622,0.33784994,0.41866606
254,63.5,0.3837414115558401,0.44851696,0.37965333,0.39091212,0.2972991,0.33090323,0.41133934
255,63.75,0.3957269719660382,0.44717276,0.37166047,0.36183277,0.2856108,0.31733623,0.3941794
256,64.0,0.3926536597021929,0.4348203,0.35757935,0.33405754,0.2793818,0.30848655,0.3832175
257,64.25,0.2729940718800266,0.41575253,0.33771476,0.32331026,0.27463657,0.30016464,0.3703305
258,64.5,0.2806691907824173,0.3653022,0.31053898,0.40528354,0.27478683,0.29748353,0.3626288
259,64.75,0.241686770595327,0.33181715,0.2968654,0.29693025,0.30474436,0.32874933,0.37050217
260,65.0,0.2870483294543496,0.31284505,0.2756104,0.3241416,0.30527937,0.32627237,0.34591803
261,65.25,0.248375716633613,0.2986743,0.26860437,0.31163704,0.3104005,0.3304993,0.33853832
262,65.5,0.2498918792280071,0.29686528,0.24973984,0.27428514,0.295442,0.32057953,0.33191568
263,65.75,0.2801565870387158,0.30342174,0.24836309,0.27647826,0.27577797,0.30323777,0.33063164
264,66.0,0.3198367294588388,0.30428624,0.25072414,0.25189593,0.2607197,0.28867707,0.32862726
265,66.25,0.2814265273033084,0.30223882,0.25162515,0.29784006,0.25594044,0.28430703,0.3300457
266,66.5,0.2973547901095468,0.30956537,0.2581373,0.34652418,0.25603542,0.2875301,0.33940363
267,66.75,0.259029369555648,0.314273,0.25927028,0.3366054,0.25618643,0.28566915,0.34461066
268,67.0,0.2943433438820466,0.31440634,0.26919523,0.29561776,0.25580522,0.28512064,0.34135872
269,67.25,0.2790679379321613,0.31679416,0.27556553,0.33163992,0.25525704,0.2891339,0.35455412
270,67.5,0.3116420966294763,0.3195517,0.28542647,0.29236788,0.25460482,0.28759706,0.35555136
271,67.75,0.2625731250653082,0.32615703,0.29930755,0.3465634,0.25473988,0.28769118,0.35387123
272,68.0,0.287450045577327,0.3351286,0.31308684,0.31642973,0.25924596,0.29161388,0.35167855
273,68.25,0.2898082024464861,0.34705657,0.3285668,0.3346604,0.27039593,0.30441356,0.3652364
274,68.5,0.2607542703645335,0.34651268,0.33720627,0.39338082,0.27393854,0.30795783,0.38060388
275,68.75,0.2752348993135492,0.34685236,0.33936083,0.34832788,0.26754564,0.2997027,0.37306553
276,69.0,0.2910977373650286,0.35303378,0.34587336,0.39112988,0.26496917,0.29963496,0.3729499
277,69.25,0.2936968247703813,0.35604334,0.359095,0.3621824,0.26642397,0.300659,0.3673535
278,69.5,0.3113723643175995,0.36762494,0.37300813,0.40411913,0.2735455,0.31000227,0.3736933
279,69.75,0.2710739367498389,0.37822402,0.39795038,0.3904771,0.2831535,0.3209876,0.38184863
280,70.0,0.3565006939395397,0.39036012,0.42946252,0.33723134,0.29285663,0.33034205,0.39106885
281,70.25,0.2752484067184632,0.3750307,0.4295598,0.35967204,0.2908772,0.32636657,0.379108
282,70.5,0.3163331890807381,0.36592996,0.41515246,0.336599,0.28977185,0.3243858,0.377523
283,70.75,0.3512671985660954,0.3533668,0.39900652,0.30508357,0.29181692,0.3265521,0.3771978
284,71.0,0.3378632299311862,0.36994612,0.39001957,0.3276445,0.30578792,0.34334767,0.39858252
285,71.25,0.329875448689904,0.39515513,0.39626113,0.32373795,0.32424498,0.36583462,0.4291688
286,71.5,0.348078886596947,0.40737498,0.3964612,0.32896915,0.33329576,0.37884635,0.45477593
287,71.75,0.3503571540947289,0.4111755,0.39979497,0.45406744,0.338942,0.38124037,0.45813277
288,72.0,0.3047823243456913,0.41925156,0.39693514,0.34176007,0.34382552,0.38474563,0.4655273
289,72.25,0.3793829219666295,0.43639183,0.4105587,0.36110312,0.3528146,0.39486268,0.4789526
290,72.5,0.318958505230611,0.43583053,0.42077,0.43574834,0.3490268,0.38605288,0.471458
291,72.75,0.3783317951108244,0.4320926,0.4214025,0.44277608,0.34575596,0.3795302,0.4643697
292,73.0,0.403350932327678,0.44246316,0.43862486,0.39971888,0.352431,0.38790077,0.47390816
293,73.25,0.4129311724932674,0.44522434,0.44780338,0.43607083,0.35477972,0.393462,0.48356408
294,73.5,0.4263358810335363,0.43495202,0.4477583,0.41851413,0.35443532,0.3892794,0.47309038
295,73.75,0.4808955256469001,0.43030566,0.4510025,0.3908077,0.3545292,0.385546,0.46289062
296,74.0,0.5161502527509588,0.43728215,0.44422922,0.4293232,0.35769165,0.3931337,0.47792935
297,74.25,0.3664363382460234,0.4378575,0.4526513,0.41162825,0.36365652,0.39748096,0.4794079
298,74.5,0.4325920948319424,0.42784184,0.44055358,0.40613517,0.3630153,0.39192662,0.47429344
299,74.75,0.3855121693336711,0.42603612,0.4339991,0.4356299,0.36379576,0.3906515,0.47012147
300,75.0,0.3833953511152166,0.41625398,0.43139705,0.4069652,0.35938233,0.38222212,0.45453647
301,75.25,0.3966863043149576,0.41350383,0.41671863,0.42059729,0.358872,0.38021174,0.44909576
302,75.5,0.3790893200895873,0.42453372,0.41927275,0.36812127,0.36965793,0.39481425,0.46330792
303,75.75,0.387786434036854,0.4348663,0.42097315,0.43020344,0.3744658,0.4051685,0.48231304
304,76.0,0.4193898730812411,0.43758416,0.42321518,0.45614722,0.37440962,0.40750796,0.48691934
305,76.25,0.4389578649811704,0.45225412,0.43353066,0.42006296,0.37756795,0.41624972,0.5068368
306,76.5,0.4036758665586454,0.45249057,0.45685217,0.48630983,0.38228184,0.4208133,0.5071082
307,76.75,0.4444247233608406,0.44917625,0.45820966,0.41087165,0.3851962,0.42148933,0.5073733
308,77.0,0.4252178590138825,0.45276517,0.47259066,0.41819894,0.39086926,0.42668036,0.5107353
309,77.25,0.4295063910448296,0.44631374,0.46675315,0.4653295,0.3926537,0.42573416,0.50494885
310,77.5,0.4721705083049319,0.43612415,0.45199016,0.49860585,0.38838875,0.41511187,0.48489493
311,77.75,0.4508462547826189,0.4315809,0.43459776,0.4856587,0.3827035,0.40521842,0.4684455
312,78.0,0.4542205867991256,0.4315138,0.4307554,0.433556,0.3792015,0.39873096,0.45552403
313,78.25,0.4098742788714922,0.43235523,0.4369082,0.48759747,0.37897545,0.39760882,0.44808036
314,78.5,0.4616895252173698,0.4282896,0.42488596,0.3714962,0.38088608,0.40028748,0.44585633
315,78.75,0.46715734220216,0.42879057,0.4302812,0.43541873,0.3887204,0.410278,0.45168906
316,79.0,0.4766643841286667,0.43128723,0.42790166,0.4266563,0.399392,0.42350885,0.4684075
317,79.25,0.4153171014330643,0.43735301,0.43074533,0.39886218,0.4071784,0.4361917,0.49163258
318,79.5,0.440224345618522,0.44528037,0.4329956,0.42901486,0.4145074,0.45119235,0.51823676
319,79.75,0.4305563403006998,0.44837755,0.42944667,0.44660342,0.41132838,0.4520317,0.5274683
320,80.0,0.426487060210124,0.4454018,0.41444698,0.44058502,0.40617037,0.44954112,0.52759206
321,80.25,0.4832544149258422,0.45725298,0.41089556,0.36074436,0.4051959,0.44908673,0.5228724
322,80.5,0.4840927145074646,0.45512223,0.40380815,0.42692745,0.39710575,0.43620402,0.5037459
323,80.75,0.4625046338670728,0.4480142,0.39795327,0.43886733,0.39215696,0.42509475,0.48209447
324,81.0,0.4225446341073359,0.4381705,0.38160607,0.3985562,0.38066828,0.40520617,0.44791043
325,81.25,0.4064996724004092,0.43940872,0.38192078,0.38424724,0.37462234,0.39894906,0.43593556
326,81.5,0.4204591695698517,0.4309842,0.3824875,0.4442609,0.37061408,0.39389902,0.42489076
327,81.75,0.3979902781999109,0.43542528,0.38861504,0.4068747,0.37335676,0.399075,0.42869425
328,82.0,0.4248037488493174,0.42135352,0.3889448,0.4369428,0.37088645,0.3951279,0.42586118
329,82.25,0.4516746727932793,0.41092885,0.3851047,0.40057868,0.3652016,0.3895143,0.4181475
330,82.5,0.3642686831235628,0.40014404,0.38566682,0.41953844,0.3594119,0.38490343,0.41157353
331,82.75,0.3987818215791134,0.3925246,0.37970665,0.41441643,0.3532707,0.37870702,0.4027754
332,83.0,0.36931803585846,0.38884985,0.37889397,0.37016338,0.3497066,0.37499505,0.39697322
333,83.25,0.4706772251985128,0.38377672,0.37724012,0.4344371,0.34211862,0.36737728,0.39033344
334,83.5,0.3855030861603789,0.38066012,0.37276548,0.39327317,0.33765933,0.36408722,0.38646498
335,83.75,0.4400233995061575,0.37651747,0.37238267,0.35013664,0.33388382,0.3595402,0.3817238
336,84.0,0.3555627652967371,0.36972517,0.36942863,0.41653255,0.32957184,0.35454956,0.37802187
337,84.25,0.3647479926340188,0.37021595,0.3665904,0.3537141,0.32687688,0.35115585,0.37504673
338,84.5,0.3549665196399126,0.36005688,0.35537988,0.34051505,0.31823996,0.3414267,0.36313134
339,84.75,0.3718357974163522,0.3620801,0.34900862,0.32032955,0.31342298,0.3356052,0.35608298
340,85.0,0.4015613835078405,0.36769366,0.34778836,0.3465771,0.3066672,0.33216745,0.355415
341,85.25,0.3814959084939252,0.37570226,0.34240487,0.32425046,0.30305314,0.33030257,0.3607812
342,85.5,0.3978555063483177,0.38081592,0.34807622,0.3707027,0.2998895,0.32982385,0.36933315
343,85.75,0.3967169886124241,0.38205993,0.3471754,0.36593044,0.2983429,0.32823363,0.37252426
344,86.0,0.3924710484797976,0.37612915,0.34354538,0.35789365,0.2937385,0.32485005,0.3758403
345,86.25,0.4502231753288209,0.36307377,0.32953656,0.3465592,0.28841788,0.32012618,0.37066883
346,86.5,0.3228239815769977,0.34023398,0.31071457,0.31567574,0.28371873,0.315422,0.3589279
347,86.75,0.2793047095648734,0.33024287,0.3028707,0.3543001,0.28122914,0.3124905,0.36357588
348,87.0,0.3861758364222156,0.3284549,0.29461798,0.2723124,0.27943915,0.31299123,0.363052
349,87.25,0.300008289649036,0.32545894,0.2909345,0.36252826,0.2792375,0.3108949,0.36813438
350,87.5,0.3176188988735054,0.33390158,0.29054573,0.29523855,0.2808897,0.3130557,0.3616867
351,87.75,0.3566835588436315,0.34072226,0.28765205,0.3124698,0.279813,0.30889535,0.3567732
352,88.0,0.3172010576028977,0.35934484,0.29234305,0.3313896,0.27848935,0.30898753,0.34871113
353,88.25,0.3543114285612712,0.37956703,0.30223295,0.3186988,0.28028196,0.30648112,0.3545352
354,88.5,0.3028213361033683,0.4010042,0.3165115,0.4103777,0.2818458,0.30834553,0.3722115
355,88.75,0.3803611408555115,0.42822582,0.3378166,0.34024423,0.28135455,0.32078642,0.40396255
356,89.0,0.2663207918833273,0.46120203,0.36329964,0.39466,0.27520695,0.32760844,0.41977966
357,89.25,0.3573326419697443,0.47434205,0.38228646,0.33476946,0.27173486,0.32879925,0.4103136
358,89.5,0.2811097011655982,0.4655581,0.38294885,0.3342588,0.26747128,0.32154357,0.39783502
359,89.75,0.2610081815386522,0.42881632,0.359213,0.31582713,0.26388144,0.310845,0.37375587
360,90.0,0.2497004513640985,0.3933547,0.33543423,0.31224674,0.26180705,0.30257472,0.3584929
361,90.25,0.2795626001751488,0.3608057,0.31717607,0.34754258,0.25967294,0.29948664,0.35611486
362,90.5,0.315000627346063,0.32913178,0.30550644,0.29907262,0.25645393,0.29615244,0.35220718
363,90.75,0.3870169118842986,0.2925349,0.29339275,0.2712282,0.24831757,0.28811246,0.36407918
364,91.0,0.337236174740128,0.26951456,0.2793577,0.3382234,0.23999341,0.2805599,0.36804432
365,91.25,0.3488794007929387,0.26527238,0.266206,0.32145,0.2438825,0.2782196,0.36854666
366,91.5,0.3036318116569116,0.2710153,0.25971606,0.33978534,0.24511877,0.27750948,0.36702132
367,91.75,0.3522828323707607,0.27962533,0.25923547,0.34944677,0.24721849,0.27754194,0.34999642
368,92.0,0.3694577713620196,0.2925899,0.26262513,0.37811,0.2511247,0.27678573,0.33805203
369,92.25,0.3775764125488695,0.3120715,0.2709767,0.3471507,0.2518564,0.27599624,0.33385283
370,92.5,0.4969429907085632,0.33324766,0.28478923,0.38467005,0.2589479,0.2827471,0.333264
371,92.75,0.4852437804684627,0.35080767,0.29671293,0.33888534,0.2640155,0.28890353,0.3375341
372,93.0,0.4606225290512184,0.36697692,0.3153037,0.33241624,0.2716838,0.29942816,0.33514652
373,93.25,0.5134432490830504,0.38600123,0.3259851,0.3452928,0.27378747,0.30266467,0.3457703
374,93.5,0.4519965907264534,0.40404004,0.3455511,0.36983803,0.28898954,0.31792802,0.3518095
375,93.75,0.5494589080591041,0.4139883,0.35506746,0.40957072,0.2948234,0.32362977,0.36175245
376,94.0,0.5882867353537581,0.4295748,0.36855698,0.35023895,0.30589533,0.3393815,0.38889593
377,94.25,0.40252667437271,0.44977903,0.3828181,0.4397367,0.31598175,0.35834923,0.42754096
378,94.5,0.412953429627112,0.46585524,0.3997401,0.42285743,0.32390866,0.3691452,0.44561136
379,94.75,0.3776081336662535,0.47183108,0.40945032,0.44344535,0.34185216,0.3879994,0.4688052
380,95.0,0.3812842507856534,0.45685983,0.41418284,0.44322982,0.34884983,0.3861174,0.4548119
381,95.25,0.3773793499856986,0.4478742,0.40884915,0.42910287,0.35538054,0.3859793,0.44515365
382,95.5,0.4139686201720374,0.45188612,0.4165404,0.41574073,0.36927366,0.4003516,0.45859933
383,95.75,0.4359856794892916,0.4627301,0.4234507,0.40063488,0.38352525,0.4225171,0.4941008
384,96.0,0.4534249864070325,0.47657907,0.44002333,0.45474097,0.3991378,0.44567198,0.5226145
385,96.25,0.4552778173370413,0.48522723,0.447248,0.43180668,0.4119255,0.4626198,0.5416819
386,96.5,0.4281907850837482,0.4947527,0.45578614,0.44113988,0.42468512,0.47929996,0.56082654
387,96.75,0.6503814505754133,0.49939978,0.4554773,0.502307,0.43304145,0.4784825,0.53915226
388,97.0,0.5544320670037822,0.5011913,0.46193603,0.47639257,0.44626874,0.49098074,0.5537699
389,97.25,0.5986110474352125,0.5117484,0.46927646,0.4739271,0.45922357,0.50681216,0.5681038
390,97.5,0.5264473307419837,0.52129984,0.47334018,0.5032768,0.46560377,0.5141691,0.57303846
391,97.75,0.6263087792612879,0.529791,0.48419634,0.5371442,0.47626334,0.5308619,0.59133434
392,98.0,0.564020963994541,0.5336963,0.49688157,0.53532124,0.47951984,0.5381333,0.59710956
393,98.25,0.4920288780609149,0.53151447,0.50902283,0.5361961,0.482085,0.541974,0.6009461
394,98.5,0.4758175694508826,0.5381217,0.53255993,0.49331558,0.4844002,0.54609394,0.6036476
395,98.75,0.5169560810894884,0.53554964,0.56126946,0.5740201,0.485201,0.5457574,0.602442
396,99.0,0.5161879990991605,0.5414707,0.5841796,0.58915764,0.4857546,0.54365504,0.60357094
397,99.25,0.5258887170586164,0.5526555,0.5931266,0.5277338,0.48382157,0.54103523,0.60921425
398,99.5,0.5524686955050353,0.5699987,0.6080961,0.60025,0.48514253,0.5461207,0.6260808
399,99.75,0.5017908965656386,0.57768965,0.6148005,0.5729132,0.49190623,0.5602736,0.64699817
400,100.0,0.5352357023632707,0.60109514,0.6322522,0.54621255,0.50753844,0.5850074,0.67660886
401,100.25,0.6373063882743973,0.6084524,0.6360098,0.55835974,0.51738393,0.5991549,0.69357497
402,100.5,0.6739398153123799,0.58807343,0.6060394,0.5185691,0.5106559,0.5893194,0.68009007
403,100.75,0.6651540655243079,0.57427996,0.5735827,0.5495539,0.50304294,0.5777903,0.6671879
404,101.0,0.7222144013953745,0.5555739,0.54035825,0.5406409,0.4830904,0.5446781,0.62210304
405,101.25,0.7023143668214366,0.5407149,0.5205186,0.5469307,0.49112916,0.5410011,0.60811925
406,101.5,0.6942600830637269,0.52884215,0.5019314,0.4769481,0.48848474,0.53048325,0.591365
407,101.75,0.6083658712586528,0.5339969,0.4998717,0.58173144,0.49833226,0.5364537,0.5932189
408,102.0,0.5753074233241668,0.5333128,0.5041802,0.5729201,0.49688536,0.5369061,0.5935254
409,102.25,0.543802901705353,0.5434178,0.5074379,0.6111759,0.5015628,0.5389102,0.59423256
410,102.5,0.5270490414107691,0.55408174,0.5225157,0.6019814,0.5084563,0.5494918,0.60151577
411,102.75,0.547684576291474,0.5550684,0.52805,0.57193947,0.5112657,0.5570482,0.6162859
412,103.0,0.6050224709523957,0.579426,0.5711252,0.615984,0.5172453,0.57375604,0.6453692
413,103.25,0.5474258404229203,0.5854352,0.59631544,0.6069946,0.51813364,0.5836563,0.66407657
414,103.5,0.5406918798076789,0.5903287,0.60920024,0.5829829,0.5218052,0.5939086,0.67962736
415,103.75,0.5201586209585027,0.57354873,0.5796408,0.5539965,0.51077867,0.58073163,0.66435134
416,104.0,0.6379481864248813,0.56541866,0.54652846,0.55834216,0.49724758,0.5627282,0.64709616
417,104.25,0.50429619922199,0.54667866,0.5106085,0.5046996,0.4854573,0.54573196,0.63045114
418,104.5,0.6263842806356514,0.544376,0.48815885,0.5221945,0.48103684,0.53627336,0.61018944
419,104.75,0.5882627369920913,0.54808587,0.50271547,0.46365547,0.48642385,0.5391259,0.6142546
420,105.0,0.4886899927805225,0.5541662,0.5067458,0.4753875,0.49090493,0.5417969,0.6138741
421,105.25,0.5487152917063762,0.54867166,0.51410276,0.5146944,0.4916771,0.53933,0.60849214
422,105.5,0.5300548949558525,0.54629606,0.52699,0.48604763,0.49597937,0.54434466,0.6124934
423,105.75,0.4658433293533699,0.5458583,0.54240775,0.5360018,0.5027186,0.5524806,0.6215049
424,106.0,0.6498452128949495,0.5385238,0.54418695,0.47031024,0.5014749,0.5540733,0.6196054
425,106.25,0.5491098011099329,0.5247739,0.55498403,0.47782618,0.5100132,0.5588765,0.62342983
426,106.5,0.4825242013923043,0.5329787,0.57233006,0.5498805,0.5195403,0.5662069,0.62870955
427,106.75,0.4828553155305068,0.5239474,0.57470834,0.56568575,0.50961626,0.5549779,0.6189028
428,107.0,0.5069576376811663,0.5131121,0.55785066,0.4868067,0.4921416,0.53731847,0.60200346
429,107.25,0.4683755438620241,0.4991926,0.52642494,0.4636668,0.47682828,0.52249813,0.5872272
430,107.5,0.4726400569731355,0.49129075,0.49947956,0.49622595,0.47096694,0.51724756,0.5791743
431,107.75,0.4826653469017793,0.47509778,0.47193512,0.4930657,0.4604938,0.5044343,0.5654061
432,108.0,0.4534717498285682,0.4578278,0.44069737,0.47716367,0.4498393,0.49461532,0.5611634
433,108.25,0.4589019546322252,0.44637513,0.41253036,0.44423497,0.43635422,0.4819586,0.5540612
434,108.5,0.4047688695077894,0.45668495,0.42327005,0.4779116,0.44854647,0.49972847,0.5701254
435,108.75,0.4042202768128088,0.44752043,0.42208368,0.42915082,0.43618482,0.48550105,0.55177736
436,109.0,0.4431463062421139,0.44883025,0.43101376,0.43478206,0.42139268,0.466355,0.52820766
437,109.25,0.4697926061168062,0.4539088,0.43632028,0.4547129,0.40944016,0.45392066,0.5105135
438,109.5,0.4368402944722368,0.43776238,0.4153547,0.39198118,0.38951248,0.42451596,0.4784051
439,109.75,0.4358376306650646,0.43238586,0.41187087,0.4197297,0.38361025,0.4198803,0.47043228
440,110.0,0.4616169196869983,0.4262874,0.4050649,0.41245985,0.3693065,0.40304366,0.4534369
441,110.25,0.4144452497907256,0.4117936,0.3886993,0.3604185,0.3509447,0.3776463,0.4232778
442,110.5,0.4228245707920342,0.4182515,0.3961834,0.4054837,0.36257952,0.393143,0.43111813
443,110.75,0.3803698488554236,0.4190144,0.39617345,0.42276686,0.3599714,0.39454004,0.43301734
444,111.0,0.3725700892550419,0.4012574,0.39380938,0.31816977,0.34690103,0.38086998,0.41850314
445,111.25,0.4968434178159741,0.38054734,0.38128197,0.33218724,0.34533882,0.37686116,0.41579494
446,111.5,0.4851209390726575,0.38299948,0.38072023,0.37240005,0.3451997,0.38064608,0.42686987
447,111.75,0.3854801991007531,0.3803658,0.38761762,0.35338396,0.34228396,0.37545627,0.42626324
448,112.0,0.4306479283661441,0.37063682,0.38478497,0.32290247,0.3412547,0.36621425,0.4123456
449,112.25,0.3860362243380593,0.36987257,0.37936303,0.32978868,0.33924735,0.365282,0.40960443
450,112.5,0.3466303089172959,0.3505206,0.361832,0.33478373,0.32852435,0.35045624,0.390249
451,112.75,0.390388068796289,0.3404175,0.3522189,0.3378638,0.32434386,0.34384063,0.38183218
452,113.0,0.3167727413837118,0.33827543,0.3453289,0.35916084,0.31947827,0.3370551,0.3774563
453,113.25,0.3468687667026368,0.33022845,0.33180115,0.3846186,0.30873626,0.3247191,0.36412075
454,113.5,0.3335629024986657,0.31845236,0.30635935,0.36153904,0.2999439,0.31770188,0.35398862
455,113.75,0.3586850473188668,0.3202628,0.29706442,0.34871617,0.29481265,0.31266662,0.34799898
456,114.0,0.3372568567761041,0.33022976,0.29740703,0.36008927,0.29418516,0.31155503,0.34846306
457,114.25,0.322416537981878,0.34950846,0.31139582,0.41981655,0.3054517,0.33238488,0.3701827
458,114.5,0.3484796469813064,0.35630178,0.33115783,0.33959043,0.3073959,0.33907783,0.38330513
459,114.75,0.3179169240361867,0.36251712,0.35182783,0.39521888,0.31883985,0.35579127,0.40616366
460,115.0,0.3787685851316113,0.37928766,0.38156876,0.39599895,0.33628762,0.38442034,0.44979346
461,115.25,0.4866481563660105,0.39042616,0.4073846,0.37012053,0.3434764,0.3963822,0.46958464
462,115.5,0.4957560644282857,0.3782485,0.3969203,0.3736147,0.34509927,0.3893617,0.44914064
463,115.75,0.4762574420430894,0.38792336,0.39834633,0.37496176,0.341527,0.38159794,0.44266576
464,116.0,0.485267547519529,0.40541184,0.40533146,0.37765446,0.3522429,0.39277902,0.45465273
465,116.25,0.4504372816655058,0.40618438,0.40507543,0.3916629,0.35187408,0.39101318,0.45082045
466,116.5,0.3718168333579435,0.41746163,0.4049817,0.36844677,0.3536166,0.39669752,0.4606727
467,116.75,0.4264995493755818,0.43074626,0.40963385,0.41799608,0.36386043,0.41506,0.4899719
468,117.0,0.3489008781841849,0.4324572,0.41085696,0.432131,0.36773056,0.42087626,0.4953474
469,117.25,0.3598294448964523,0.445395,0.42363474,0.46308094,0.38239634,0.4438096,0.5263774
470,117.5,0.3750426832272771,0.45994228,0.4399444,0.47284257,0.3852073,0.44800845,0.5333085
471,117.75,0.3650361905193143,0.4746194,0.45180252,0.44898573,0.3850513,0.44967026,0.5423516
472,118.0,0.4096894248470789,0.47494245,0.44553334,0.46883947,0.38209584,0.44537142,0.5364195
473,118.25,0.381583712102257,0.48173863,0.4471474,0.47262385,0.3787052,0.4414348,0.53126717
474,118.5,0.3699395974211061,0.48013633,0.441919,0.43911588,0.3769611,0.44166932,0.5355122
475,118.75,0.394364915792167,0.47348696,0.43248972,0.4383444,0.3772921,0.4445453,0.53236234
476,119.0,0.4712618288587714,0.4663409,0.4292492,0.43371785,0.37395412,0.43988678,0.5269314
477,119.25,0.4403892234886817,0.46056223,0.43760964,0.48551345,0.38140357,0.44550344,0.5203437
478,119.5,0.4040599204158342,0.45620292,0.4471049,0.52472734,0.3965242,0.44823855,0.5066632
479,119.75,0.4294598354471107,0.4641077,0.45710576,0.43096897,0.41199267,0.45861143,0.5108757
480,120.0,0.4692595760480458,0.47838527,0.4656714,0.45036536,0.4303218,0.47622997,0.5252819
481,120.25,0.5146150934205825,0.49237573,0.47441265,0.552457,0.45038396,0.49429876,0.542138
482,120.5,0.4752628147592967,0.50712657,0.48736075,0.51073664,0.4637636,0.50914425,0.55863565
483,120.75,0.4726758070065973,0.5142376,0.49402252,0.5849862,0.46181113,0.5078892,0.5580796
484,121.0,0.4661987127138698,0.5165573,0.5031085,0.5192561,0.46759343,0.5137009,0.56549925
485,121.25,0.4419920398501993,0.52088815,0.5086425,0.5390405,0.46933275,0.5161475,0.5701721
486,121.5,0.5139075498273143,0.5284102,0.50842136,0.5303859,0.4674915,0.5105451,0.5657518
487,121.75,0.4577491917531096,0.53513676,0.5161552,0.46840855,0.4706083,0.51296717,0.572455
488,122.0,0.5274404486579212,0.5383402,0.5187575,0.48585367,0.47273654,0.5159127,0.5811254
489,122.25,0.5015662886525024,0.5496868,0.5288539,0.533271,0.48075706,0.5282686,0.6005765
490,122.5,0.536918602877919,0.5643986,0.5461851,0.5272068,0.4848147,0.53912497,0.61387676
491,122.75,0.4665508604626449,0.57537365,0.5564886,0.52201617,0.49164003,0.5534123,0.6368601
492,123.0,0.505120054514515,0.5868446,0.5706282,0.51321614,0.49283284,0.5606015,0.64868
493,123.25,0.5080255138189442,0.5810655,0.581226,0.48574495,0.495413,0.5674897,0.6498462
494,123.5,0.5038280919139083,0.58228016,0.601569,0.49404597,0.51003,0.58789146,0.66852254
495,123.75,0.5235434694821058,0.58368766,0.6116926,0.5176008,0.5139989,0.5937043,0.67407954
496,124.0,0.5555324014911118,0.578831,0.6105176,0.5422613,0.50623596,0.58298796,0.6630659
497,124.25,0.5200085126437355,0.5723663,0.6135236,0.48341405,0.500603,0.57580173,0.65313923
498,124.5,0.5230997079276867,0.5626474,0.6046153,0.48553538,0.49865055,0.5673765,0.6425052
499,124.75,0.7003159200664739,0.55466455,0.59249294,0.5441613,0.49729896,0.5593457,0.6295469
500,125.0,0.6713650682216297,0.55180115,0.5817127,0.55547345,0.49847168,0.55248624,0.6205925
501,125.25,0.6323508141342429,0.5526356,0.56741655,0.59484434,0.49538803,0.5437584,0.60904086
502,125.5,0.6701533868981716,0.55252784,0.5552359,0.51534384,0.49487543,0.5404753,0.60734427
503,125.75,0.5383460293916028,0.55602866,0.5659334,0.5407019,0.49611384,0.5443455,0.6090666
504,126.0,0.5665293626151223,0.5583666,0.5609625,0.54458237,0.49881095,0.5494369,0.6176255
505,126.25,0.6502388289642397,0.56924903,0.58454174,0.6217132,0.5166924,0.57050127,0.6511725
506,126.5,0.6046263019533432,0.58035153,0.5898636,0.59347326,0.52350515,0.57974917,0.66087914
507,126.75,0.6103399150110069,0.5822066,0.59327036,0.587373,0.525922,0.5842951,0.669453
508,127.0,0.6153484112526904,0.5801195,0.5867818,0.62316597,0.5253405,0.5829575,0.6681173
509,127.25,0.5809066925352258,0.58394843,0.5930566,0.6318615,0.5373349,0.59668034,0.68786275
510,127.5,0.5451064020118234,0.5961741,0.6074265,0.6298593,0.54970026,0.6122262,0.7060083
511,127.75,0.5214797562907514,0.5978777,0.61138076,0.6337692,0.55668235,0.62038255,0.7104745
512,128.0,0.5416988857297662,0.6005128,0.6104107,0.65191686,0.55760264,0.6198171,0.7044153
513,128.25,0.5362579781100871,0.60243756,0.609755,0.592617,0.5608755,0.62211204,0.70183086
514,128.5,0.5282807880046904,0.59173787,0.5992994,0.5861505,0.5446199,0.59761375,0.67238647
515,128.75,0.5330959059357318,0.5811311,0.57345855,0.56916916,0.5137317,0.55907434,0.6281284
516,129.0,0.5445176700878364,0.55127186,0.5536745,0.5357085,0.49513143,0.5328246,0.60044867
517,129.25,0.4839660802408774,0.54111624,0.52347356,0.6200254,0.4898988,0.5260616,0.58524823
518,129.5,0.6706610226001254,0.5242623,0.5083202,0.5274217,0.47050375,0.5059204,0.5593507
519,129.75,0.581084379426666,0.5048503,0.5020774,0.5802498,0.45324183,0.4871938,0.53594136
520,130.0,0.5942949895660897,0.49582565,0.49980536,0.4658243,0.45101357,0.4877848,0.5359639
521,130.25,0.4546286893824167,0.4869966,0.49282005,0.49633646,0.45462716,0.48991767,0.53516126
522,130.5,0.4682964149742589,0.4878443,0.48697242,0.5314108,0.45933998,0.49391726,0.535771
523,130.75,0.5637595732413362,0.48510057,0.48203954,0.5075506,0.46770203,0.50326836,0.5430144
524,131.0,0.5733836820647761,0.48148352,0.4704989,0.4593475,0.45917147,0.49361643,0.53268534
525,131.25,0.4917742266445509,0.46418566,0.45985547,0.49250448,0.44609714,0.48126683,0.5222019
526,131.5,0.4909864966493534,0.45287818,0.45603177,0.4716783,0.44100624,0.47808293,0.52245724
527,131.75,0.5624807916196567,0.4503141,0.46500704,0.4965558,0.43739933,0.47842464,0.52683145
528,132.0,0.4595029622769327,0.4382702,0.4688193,0.49000257,0.43235892,0.4760592,0.52953005
529,132.25,0.4493170481485827,0.43081123,0.46850112,0.50414115,0.42832148,0.47144932,0.52952456
530,132.5,0.4167799337605126,0.44270217,0.48178735,0.5157533,0.4326939,0.4789076,0.54850507
531,132.75,0.4726469781872988,0.44356167,0.48161218,0.49011695,0.43735433,0.48549652,0.5650852
532,133.0,0.4113908471606295,0.44790214,0.4813002,0.48919046,0.43971586,0.4909834,0.5776911
533,133.25,0.4692073469098168,0.45935893,0.48447803,0.45776367,0.4422425,0.49670225,0.58662874
534,133.5,0.4363081774388948,0.46624303,0.48801062,0.47439203,0.44720733,0.50482947,0.5961726
535,133.75,0.4232762655002769,0.46633738,0.47847143,0.44118792,0.44728124,0.50431347,0.5839426
536,134.0,0.423873640492406,0.46769255,0.46739176,0.49186325,0.4415865,0.49309522,0.5603033
537,134.25,0.3761565016816645,0.45877457,0.44496995,0.44514453,0.41233575,0.45287156,0.5120348
538,134.5,0.3671852689920066,0.45923656,0.43364826,0.37085503,0.39205763,0.42785388,0.4831573
539,134.75,0.342143342367316,0.4418767,0.41643634,0.41844964,0.37580228,0.41164827,0.4664682
540,135.0,0.3716063057742433,0.41734684,0.39149162,0.40814736,0.3621801,0.39560238,0.4415572
541,135.25,0.4508545595628666,0.40173423,0.37858006,0.37204355,0.3571698,0.3896822,0.4309575
542,135.5,0.4069561373908768,0.39635044,0.375325,0.3685615,0.35060835,0.38335732,0.42255232
543,135.75,0.3687887320629173,0.3859098,0.3690414,0.37847114,0.34449226,0.37874907,0.41662604
544,136.0,0.3485341848814435,0.36450028,0.348583,0.3528635,0.32940233,0.3624332,0.39809147
545,136.25,0.3452332822985169,0.36434966,0.3445351,0.3488893,0.32644796,0.36177686,0.39722002
546,136.5,0.432077505758933,0.36156052,0.34578273,0.37705275,0.32029843,0.3548846,0.39264718
547,136.75,0.3579271705831783,0.3700127,0.35480902,0.33964548,0.31943333,0.35499483,0.3942855
548,137.0,0.3542477223499979,0.36122012,0.3445085,0.37412375,0.32145995,0.3493161,0.38802308
549,137.25,0.3791072569304069,0.36787748,0.3421383,0.3544014,0.32493168,0.35175812,0.39014032
550,137.5,0.3090974285210687,0.36386776,0.3391028,0.36405113,0.31411365,0.33860683,0.37860468
551,137.75,0.3739693164617718,0.36739612,0.34119624,0.3585065,0.31424958,0.33697748,0.3755443
552,138.0,0.354992803153951,0.3738405,0.34479824,0.34008127,0.31564265,0.34043267,0.3818969
553,138.25,0.3275767021155203,0.3686884,0.34399766,0.40846473,0.31309706,0.33950725,0.3794741
